chrom,genetic,cpos,domain
1,0,39041,tip
1,0,55881,tip
1,0,134126,tip
1,0,183575,tip
1,0,303836,tip
1,1e-05,470146,arm
1,1e-05,491766,arm
1,0.48525,562692,arm
1,2.96122,637477,arm
1,5.43719,796694,arm
1,5.92228,825028,arm
1,7.89329,884391,arm
1,8.37858,984040,arm
1,8.37858,990151,arm
1,9.84927,1079165,arm
1,9.84928,1130938,arm
1,13.33327,1265969,arm
1,13.33327,1272591,arm
1,16.81759,1433304,arm
1,17.30039,1451410,arm
1,17.30039,1452097,arm
1,17.30039,1563141,arm
1,18.27129,1644597,arm
1,18.27129,1644911,arm
1,18.75361,1661177,arm
1,27.0339,1823874,arm
1,29.10233,2068168,arm
1,30.73674,2162880,arm
1,32.69797,2310075,arm
1,33.18092,2318113,arm
1,33.18092,2318440,arm
1,34.64444,2448169,arm
1,34.64444,2448381,arm
1,36.60548,2538742,arm
1,36.60548,2590696,arm
1,36.60548,2653236,arm
1,37.57628,2751595,arm
1,39.53742,2837732,arm
1,39.53742,2852467,arm
1,43.53974,2949031,arm
1,46.00309,3100227,arm
1,46.0031,3123826,arm
1,46.48585,3180959,arm
1,49.97017,3260999,arm
1,49.97017,3273272,arm
1,51.43374,3368661,arm
1,52.4046,3433603,arm
1,52.4046,3445313,arm
1,53.3752,3502475,arm
1,57.378,3560134,arm
1,58.34845,3573193,arm
1,60.81235,3675000,arm
1,61.29515,3684808,arm
1,62.75876,3806109,arm
1,62.75876,3871124,arm
1,62.75876,3890035,arm
1,63.72974,3989631,arm
1,64.21281,4078434,arm
1,64.21281,4175488,arm
1,66.17395,4237067,arm
1,67.14475,4338253,arm
1,67.14475,4436683,arm
1,67.14476,4516443,arm
1,67.14476,4533147,center
1,67.14476,4590528,center
1,68.11566,4651939,center
1,68.11566,4696915,center
1,69.08673,4845515,center
1,69.56989,4976880,center
1,69.56989,4977201,center
1,70.05299,5052410,center
1,70.05299,5083461,center
1,70.05299,5196018,center
1,71.02385,5428706,center
1,72.48742,5521987,center
1,72.48742,5626784,center
1,72.48742,5683306,center
1,72.48742,5715300,center
1,72.48742,5756863,center
1,72.97032,5885309,center
1,75.43408,6070816,center
1,75.43408,6166277,center
1,75.43408,6256996,center
1,75.43408,6351805,center
1,75.43409,6385322,center
1,77.89764,6593043,center
1,77.89764,6651083,center
1,77.89764,6724981,center
1,77.89764,6795674,center
1,79.36116,7057031,center
1,79.36116,7118751,center
1,81.82471,7254663,center
1,81.82471,7273650,center
1,82.79567,7410352,center
1,83.27872,7436825,center
1,83.27872,7478903,center
1,83.76181,7492494,center
1,83.76181,7581800,center
1,84.24491,7628152,center
1,84.24491,7677531,center
1,84.24491,7759531,center
1,85.21581,7833557,center
1,85.21582,7886017,center
1,85.21582,7899293,center
1,85.21582,7916192,center
1,85.21582,7917212,center
1,85.21582,7917995,center
1,85.21582,7934579,center
1,85.21582,7937792,center
1,85.21582,7938290,center
1,87.67958,7997346,center
1,88.16248,8069190,center
1,88.16248,8083407,center
1,89.13339,8158558,center
1,89.13339,8203498,center
1,90.59691,8278630,center
1,90.59691,8292940,center
1,91.08,8361424,center
1,91.08,8455563,center
1,91.08001,8539997,center
1,91.08001,8550709,center
1,91.08001,8642732,center
1,91.08001,8646297,center
1,91.5631,8730368,center
1,91.5631,8828147,center
1,91.56311,8842903,center
1,93.02673,8920662,center
1,93.50972,9026456,center
1,93.99282,9101077,center
1,93.99282,9126231,center
1,93.99282,9190194,center
1,95.45785,9279935,center
1,97.92336,9372154,center
1,98.40611,9471281,center
1,100.3673,9561565,center
1,100.3673,9603887,center
1,100.3673,9657789,center
1,101.83082,9743539,center
1,101.83082,9759693,center
1,101.83082,9838700,center
1,101.83082,9882149,center
1,101.83082,9899718,center
1,104.29454,9958062,center
1,105.26519,10069729,center
1,107.22633,10163981,center
1,107.22633,10170678,center
1,108.19724,10238035,center
1,108.19724,10331091,center
1,108.68033,10366094,center
1,108.68034,10427198,center
1,109.16343,10533225,center
1,109.16343,10535270,center
1,111.12447,10614679,center
1,113.08548,10722147,center
1,113.08549,10722389,center
1,114.05601,10793131,center
1,118.58239,10924237,center
1,120.54317,11077233,center
1,120.54317,11133778,center
1,123.51434,11263141,arm
1,123.51434,11283515,arm
1,123.51434,11330004,arm
1,126.48573,11415243,arm
1,127.45591,11494130,arm
1,133.58662,11600954,arm
1,133.58662,11648478,arm
1,133.58662,11648662,arm
1,134.55752,11722283,arm
1,134.55752,11737882,arm
1,137.02103,11805353,arm
1,139.99226,11875863,arm
1,139.99226,11912194,arm
1,142.85994,11956742,arm
1,149.39301,12080463,arm
1,151.82633,12166158,arm
1,151.82633,12205641,arm
1,154.28985,12334119,arm
1,154.28985,12365029,arm
1,155.26074,12433085,arm
1,155.26074,12456601,arm
1,155.74383,12498907,arm
1,156.22652,12567413,arm
1,160.75311,12612098,arm
1,161.2358,12654691,arm
1,161.2358,12654992,arm
1,164.20709,12729813,arm
1,166.16683,12738895,arm
1,179.917,12873377,arm
1,182.88697,12936934,arm
1,186.88902,12967075,arm
1,193.01987,13140494,arm
1,194.98038,13219636,arm
1,197.9515,13294201,arm
1,202.47767,13375902,arm
1,204.4382,13424253,arm
1,208.96418,13713121,arm
1,208.96418,13727552,arm
1,211.42773,13845117,arm
1,211.42773,13850044,arm
1,211.91082,13938762,arm
1,211.91082,14026306,arm
1,215.39494,14113165,arm
1,217.85846,14155576,arm
1,219.69631,14189368,arm
1,223.57033,14266528,arm
1,223.57033,14267212,arm
1,223.57033,14307025,arm
1,224.05307,14325175,arm
1,228.05466,14443999,arm
1,241.16059,14535059,arm
1,247.8247,14576677,arm
1,249.75345,14638545,arm
1,257.50699,14737590,arm
1,260.47779,14768017,arm
1,262.43868,14845861,arm
1,264.90229,14904789,tip
1,264.90229,14910538,tip
1,264.90229,15010594,tip
2,0,65038,tip
2,0,180755,tip
2,0,193948,tip
2,0.4831,417415,arm
2,0.4831,426624,arm
2,0.4831,441357,arm
2,0.9662,505541,arm
2,0.9662,534281,arm
2,1.44894,661222,arm
2,5.45146,762240,arm
2,5.45146,828264,arm
2,5.45146,866663,arm
2,5.45146,880743,arm
2,5.93456,960277,arm
2,5.93456,962517,arm
2,5.93456,1043224,arm
2,5.93456,1156986,arm
2,5.93456,1158970,arm
2,6.90546,1228809,arm
2,6.90546,1284039,arm
2,8.36898,1407385,arm
2,8.36898,1486590,arm
2,9.8325,1593571,arm
2,9.8325,1708761,arm
2,12.80368,1750144,arm
2,12.80368,1808243,arm
2,12.80368,1939185,arm
2,15.26729,2065810,arm
2,17.22827,2121018,arm
2,17.22827,2182381,arm
2,20.1997,2218905,arm
2,20.68224,2301117,arm
2,24.16641,2354171,arm
2,29.22141,2482896,arm
2,29.22141,2486664,arm
2,38.14599,2601221,arm
2,43.73524,2688584,arm
2,43.73524,2691194,arm
2,47.21951,2749534,arm
2,48.19016,2795341,arm
2,49.16032,2808858,arm
2,57.51389,2933621,arm
2,57.51389,2947746,arm
2,59.97756,3001223,arm
2,61.44123,3044535,arm
2,63.90505,3093400,arm
2,68.43143,3254899,arm
2,68.91408,3272782,arm
2,69.88503,3397001,arm
2,69.88503,3397685,arm
2,77.67414,3576981,arm
2,79.13759,3703990,arm
2,79.13759,3729089,arm
2,79.13759,3729978,arm
2,80.60116,3828599,arm
2,81.57197,3968038,arm
2,83.03554,4003594,arm
2,83.03554,4092529,arm
2,84.00644,4145249,arm
2,84.00645,4188418,arm
2,85.47007,4278687,arm
2,86.93365,4317263,arm
2,88.8949,4406580,arm
2,89.37784,4434611,arm
2,89.37784,4471992,arm
2,90.3486,4537318,arm
2,92.81231,4676292,arm
2,92.81231,4692061,arm
2,92.81231,4740930,arm
2,94.77298,4800869,arm
2,100.36354,4934750,arm
2,100.84603,5048614,center
2,102.30975,5150057,center
2,102.79275,5202380,center
2,103.27584,5235769,center
2,103.27584,5274748,center
2,103.27585,5329500,center
2,103.75889,5351443,center
2,104.7299,5401579,center
2,105.21254,5598604,center
2,109.73868,5860815,center
2,109.73868,5862803,center
2,109.73868,5949935,center
2,109.73869,5982970,center
2,109.73869,6014830,center
2,110.22178,6175492,center
2,110.22178,6231651,center
2,111.6853,6348699,center
2,111.6853,6406321,center
2,112.16835,6441068,center
2,113.13926,6538824,center
2,114.60278,6627059,center
2,116.56402,6672335,center
2,117.04697,6765566,center
2,117.04697,6765736,center
2,117.53007,6825752,center
2,118.01316,6919104,center
2,118.49626,6979015,center
2,118.49626,7041383,center
2,118.97936,7107955,center
2,118.97936,7143370,center
2,119.46245,7207148,center
2,119.94555,7296275,center
2,119.94555,7298329,center
2,120.42864,7340672,center
2,120.91175,7375197,center
2,121.39486,7491089,center
2,121.39486,7538288,center
2,122.85831,7671295,center
2,122.85831,7671655,center
2,123.34134,7740249,center
2,123.34134,7807016,center
2,123.34134,7814030,center
2,123.34134,7872144,center
2,123.82444,7934363,center
2,124.30753,8035162,center
2,124.79063,8117631,center
2,124.79063,8132801,center
2,124.79063,8204363,center
2,124.79063,8387074,center
2,124.79063,8418705,center
2,124.79063,8571615,center
2,125.27373,8702017,center
2,125.27373,8712793,center
2,125.75686,8844580,center
2,126.23999,8866052,center
2,126.23999,8927514,center
2,126.23999,9007994,center
2,126.23999,9052469,center
2,126.23999,9064513,center
2,127.2109,9141835,center
2,127.2109,9145102,center
2,128.1818,9216804,center
2,129.15249,9307798,center
2,131.92673,9551019,center
2,133.42862,9621382,center
2,135.15789,9782566,center
2,135.64075,9835807,center
2,138.61237,9917206,center
2,138.61237,10013190,center
2,138.61237,10051366,center
2,139.09546,10073230,center
2,139.57857,10180776,center
2,140.06168,10201018,center
2,140.06168,10244718,center
2,140.06168,10315533,center
2,140.06168,10328419,center
2,140.06168,10414082,center
2,141.03249,10437279,center
2,142.99373,10506943,center
2,143.96459,10665733,center
2,144.44763,10694943,center
2,144.44764,10759073,center
2,144.44764,10821798,center
2,144.93073,10900050,center
2,144.93073,10928858,center
2,144.93073,10993539,center
2,144.93074,11020989,center
2,144.93074,11260841,center
2,144.93074,11305492,center
2,146.39436,11359136,center
2,146.87736,11413686,center
2,147.36035,11492080,center
2,148.82397,11589405,center
2,148.82397,11590697,center
2,148.82398,11619162,center
2,149.79488,11671864,center
2,149.79488,11709744,center
2,149.79488,11749165,center
2,149.79488,11833638,center
2,151.2584,11908243,center
2,151.2584,11910165,center
2,153.21943,12008087,arm
2,153.21943,12008253,arm
2,157.22169,12109370,arm
2,160.1693,12181142,arm
2,167.32414,12280277,arm
2,168.74284,12350449,arm
2,170.20622,12419488,arm
2,173.17777,12471041,arm
2,174.14837,12522556,arm
2,176.10936,12567819,arm
2,179.59352,12654621,arm
2,179.59352,12659882,arm
2,184.11955,12734621,arm
2,185.5825,12787738,arm
2,189.54948,12889415,arm
2,192.99858,12955759,arm
2,193.96903,12986531,arm
2,196.94064,13076492,arm
2,197.9112,13081888,arm
2,200.21555,13123699,arm
2,202.51976,13178711,arm
2,202.51976,13181606,arm
2,204.48069,13213386,arm
2,207.45183,13279431,arm
2,211.97771,13408984,arm
2,211.97771,13418996,arm
2,215.97923,13516256,arm
2,226.06772,13601155,arm
2,230.59254,13694563,arm
2,238.38174,13813025,arm
2,238.86383,13874418,arm
2,243.91965,13927149,arm
2,244.40203,13980551,arm
2,247.37347,14040858,arm
2,247.37347,14041031,arm
2,248.8369,14132471,arm
2,251.26196,14204542,arm
2,256.27685,14276113,arm
2,258.74019,14358453,arm
2,260.70118,14490774,arm
2,260.70118,14543363,arm
2,260.70118,14580800,arm
2,261.18428,14636230,arm
2,261.18428,14649851,arm
2,261.18428,14772423,arm
2,261.18428,14856339,arm
2,261.18428,14940653,arm
2,261.18428,14955649,arm
2,261.18429,15025386,tip
2,261.18429,15025609,tip
2,261.18429,15101282,tip
3,0,21514,tip
3,0,49789,tip
3,0,137701,tip
3,0,173669,tip
3,0,236353,tip
3,1e-05,252490,arm
3,1e-05,360482,arm
3,1e-05,371938,arm
3,1e-05,447772,arm
3,1.46353,540365,arm
3,2.92705,694494,arm
3,2.92705,746759,arm
3,3.89791,811704,arm
3,5.36133,844837,arm
3,8.33279,901697,arm
3,9.79626,919691,arm
3,10.27898,1061265,arm
3,13.25068,1142947,arm
3,13.73332,1187960,arm
3,16.19613,1237685,arm
3,28.08221,1586488,arm
3,30.04239,1616465,arm
3,30.52534,1638858,arm
3,31.00834,1765659,arm
3,32.47182,1803894,arm
3,35.36053,1842874,arm
3,35.92283,1893289,arm
3,35.92283,1893382,arm
3,39.92497,1972629,arm
3,39.92497,1974773,arm
3,49.98678,2164475,arm
3,54.45592,2255584,arm
3,61.36643,2370340,arm
3,66.61885,2453399,arm
3,68.65153,2487740,arm
3,70.61219,2545513,arm
3,76.18986,2655404,arm
3,83.96514,2750388,arm
3,83.96514,2750507,arm
3,83.96514,2752183,arm
3,86.4286,2812977,arm
3,89.89253,2851780,arm
3,97.10052,2941118,arm
3,97.10052,2941317,arm
3,99.06171,3046954,arm
3,99.54446,3067664,arm
3,102.0078,3188921,arm
3,108.68541,3329658,arm
3,110.64597,3346539,arm
3,110.64597,3359033,arm
3,113.10953,3435046,arm
3,113.10953,3451844,arm
3,116.5938,3553013,arm
3,117.56445,3574914,arm
3,117.56445,3591533,arm
3,120.49507,3633274,arm
3,124.45597,3863247,arm
3,124.45597,3992945,center
3,124.9391,4076867,center
3,125.42223,4086209,center
3,125.90518,4138126,center
3,127.86637,4279551,center
3,127.86637,4356477,center
3,128.83727,4611249,center
3,128.83727,4640960,center
3,128.83727,4681394,center
3,128.83727,4791155,center
3,129.32017,4877043,center
3,131.78414,5150248,center
3,132.26704,5188009,center
3,132.75009,5290862,center
3,133.72104,5346390,center
3,133.72104,5438312,center
3,134.20404,5479356,center
3,135.66771,5504107,center
3,136.63857,5603610,center
3,137.60947,5624239,center
3,137.60947,5683986,center
3,137.60948,5732673,center
3,138.09247,5756048,center
3,139.5562,5932157,center
3,140.03914,6069721,center
3,141.01015,6144850,center
3,141.49319,6330483,center
3,141.4932,6411815,center
3,141.4932,6578738,center
3,141.97629,6678715,center
3,141.97629,6679466,center
3,142.45939,6699505,center
3,142.45939,6752388,center
3,142.45939,6793001,center
3,142.45939,6847173,center
3,142.45939,6927301,center
3,142.45939,6951387,center
3,142.94249,7037219,center
3,142.94249,7070670,center
3,142.94249,7232348,center
3,142.94249,7244131,center
3,142.94249,7320448,center
3,143.42559,7385398,center
3,143.42559,7394719,center
3,143.42559,7465518,center
3,143.42559,7533796,center
3,143.42559,7605577,center
3,143.42559,7605747,center
3,143.4256,7658054,center
3,143.4256,7730605,center
3,143.4256,7804999,center
3,143.4256,7829012,center
3,144.39655,7909143,center
3,144.8796,7952399,center
3,145.3627,8008191,center
3,145.84579,8126283,center
3,146.32889,8230846,center
3,146.32889,8318559,center
3,146.32889,8321988,center
3,146.81199,8365198,center
3,146.81199,8400162,center
3,147.29488,8498498,center
3,149.75864,8626415,center
3,149.75865,8628345,center
3,149.75865,8677748,center
3,149.75865,8804571,center
3,151.22217,8933566,center
3,151.22217,9028289,center
3,157.35287,9181978,center
3,158.32331,9219053,center
3,158.80635,9287925,center
3,158.80636,9308865,center
3,159.28945,9400196,center
3,159.28945,9432020,center
3,159.77255,9474177,center
3,159.77255,9550679,center
3,159.77255,9558457,center
3,160.74345,9742851,center
3,160.74345,9747951,center
3,162.70449,9834108,center
3,162.70449,9834215,center
3,164.66558,9997088,center
3,166.12905,10031121,center
3,166.12905,10094901,center
3,166.61215,10192348,center
3,167.09524,10243916,arm
3,167.57833,10275215,arm
3,168.19552,10301576,arm
3,168.81269,10385084,arm
3,168.81269,10399711,arm
3,173.33879,10437880,arm
3,174.30938,10526222,arm
3,174.79243,10539181,arm
3,175.27561,10602502,arm
3,177.23714,10675325,arm
3,178.20794,10720766,arm
3,179.17885,10817878,arm
3,179.17885,10837246,arm
3,182.15002,10914864,arm
3,182.15002,10924027,arm
3,191.07495,11116518,arm
3,193.50273,11143979,arm
3,199.05578,11200275,arm
3,201.51892,11241215,arm
3,205.00336,11335956,arm
3,205.4858,11378112,arm
3,209.48855,11428485,arm
3,211.44938,11542954,arm
3,213.41037,11659789,arm
3,215.87433,11699919,arm
3,219.87715,11766440,arm
3,219.87716,11801547,arm
3,219.87716,11810422,arm
3,221.34063,11874121,arm
3,223.30157,11916684,arm
3,226.78606,12013112,arm
3,227.26839,12019921,arm
3,232.30473,12161088,arm
3,243.56201,12301958,arm
3,254.81932,12528274,arm
3,257.26462,12589491,arm
3,257.74742,12614683,arm
3,259.21104,12689887,arm
3,259.21104,12690016,arm
3,261.6748,12788675,arm
3,262.15767,12806790,arm
3,262.91851,12883343,arm
3,264.66536,12960573,arm
3,264.66536,12963022,arm
3,265.63632,13024692,arm
3,266.11912,13070922,arm
3,269.09055,13363436,arm
3,269.09055,13444200,arm
3,269.09055,13463736,arm
3,269.09056,13539883,tip
3,269.09056,13572197,tip
3,269.09056,13605272,tip
3,269.09056,13678618,tip
3,269.09056,13719366,tip
3,269.09056,13762563,tip
4,0,419847,tip
4,0,657969,tip
4,2.97144,781321,arm
4,3.45428,795262,arm
4,3.45428,831646,arm
4,7.43978,955056,arm
4,15.21104,1063709,arm
4,16.67187,1087026,arm
4,38.66318,1322900,arm
4,39.63181,1335369,arm
4,39.63181,1396330,arm
4,43.63422,1428840,arm
4,47.11813,1488728,arm
4,51.12067,1577498,arm
4,52.09075,1601253,arm
4,58.18732,1751637,arm
4,68.54435,1873297,arm
4,77.13036,1942488,arm
4,83.79776,2052488,arm
4,86.76859,2095589,arm
4,89.55039,2161589,arm
4,91.19771,2172527,arm
4,98.98697,2249913,arm
4,99.95739,2289095,arm
4,102.42115,2328156,arm
4,108.01108,2457184,arm
4,108.01108,2495180,arm
4,109.97212,2555936,arm
4,109.97212,2556583,arm
4,113.93215,2640684,arm
4,116.79724,2803159,arm
4,119.19696,2914276,arm
4,121.661,3008355,arm
4,122.50351,3049104,arm
4,125.85292,3152467,arm
4,125.85292,3171602,arm
4,125.85292,3341442,arm
4,130.37881,3383188,arm
4,133.35004,3480459,arm
4,134.32033,3502601,arm
4,139.376,3559411,arm
4,140.83921,3579826,arm
4,141.80967,3645621,arm
4,146.33611,3737425,arm
4,147.79908,3813651,arm
4,151.28362,3882708,arm
4,151.76601,3886466,arm
4,156.29216,4009424,arm
4,156.29216,4051259,center
4,156.29216,4069354,center
4,157.26301,4173384,center
4,158.72658,4265784,center
4,158.72659,4281915,center
4,162.21085,4369091,center
4,163.18146,4526745,center
4,164.64528,4579403,center
4,164.64528,4625308,center
4,168.12971,4779016,center
4,170.0906,4877360,center
4,170.0906,4978595,center
4,171.0615,5034081,center
4,171.0615,5039073,center
4,173.02269,5140526,center
4,173.50564,5228869,center
4,173.50564,5230227,center
4,174.4765,5513221,center
4,175.94007,5732323,center
4,175.94007,5766594,center
4,175.94007,5819728,center
4,176.42312,5847054,center
4,177.39397,5993737,center
4,177.39397,6077557,center
4,177.87691,6104015,center
4,178.84786,6173559,center
4,178.84787,6194904,center
4,178.84787,6260291,center
4,179.33096,6278860,center
4,179.33096,6384373,center
4,179.33096,6414193,center
4,179.33097,6461993,center
4,180.30187,6507432,center
4,180.30187,6544139,center
4,181.27283,6602009,center
4,181.75587,6645012,center
4,182.23897,6790447,center
4,182.23897,6790549,center
4,183.70249,6975030,center
4,183.70249,7081679,center
4,186.1661,7360407,center
4,188.12709,7405246,center
4,188.12709,7427990,center
4,188.12709,7470754,center
4,188.12709,7517263,center
4,188.12709,7556625,center
4,188.12709,7610576,center
4,189.59071,7692800,center
4,190.07371,7712383,center
4,190.55681,7827613,center
4,190.55681,7849417,center
4,190.55681,7900249,center
4,190.55681,7919676,center
4,190.55681,7963429,center
4,191.52771,8014460,center
4,191.52772,8046240,center
4,192.99134,8162278,center
4,193.47433,8228705,center
4,193.47433,8286644,center
4,193.47434,8346572,center
4,193.47434,8434404,center
4,193.47434,8448922,center
4,193.47434,8491479,center
4,194.44524,8569553,center
4,194.44524,8587421,center
4,194.44524,8674290,center
4,194.44525,8676469,center
4,196.40644,8767548,center
4,196.88938,8859180,center
4,196.88938,8921798,center
4,199.35294,9002934,center
4,199.35294,9100903,center
4,199.83603,9192101,center
4,199.83603,9225944,center
4,199.83604,9318640,center
4,199.83604,9353916,center
4,199.83604,9548887,center
4,199.83604,9619027,center
4,200.31913,9673330,center
4,200.80213,9715408,center
4,202.26575,9867137,center
4,202.26575,9884304,center
4,202.26575,9967684,center
4,203.72927,10073916,center
4,203.72927,10112197,center
4,203.72928,10151800,center
4,203.72928,10228846,center
4,203.72928,10258663,center
4,203.72928,10279576,center
4,205.69031,10613488,center
4,205.69032,10653079,center
4,205.69032,10677530,center
4,206.66122,10835779,center
4,206.66122,10909553,center
4,208.12474,11082973,center
4,208.12474,11166263,center
4,208.12474,11247283,center
4,208.12474,11259345,center
4,208.12474,11315719,center
4,208.12475,11349401,center
4,208.12475,11401759,center
4,208.12475,11438913,center
4,208.12475,11474601,center
4,208.12475,11508350,center
4,210.5883,11603948,center
4,210.5883,11666986,center
4,210.5883,11668235,center
4,210.58831,11747240,center
4,210.58831,11753080,center
4,210.58831,11830215,center
4,210.58831,11839652,center
4,212.54945,11912039,center
4,213.52025,12050010,center
4,214.49116,12124863,center
4,214.49116,12207620,center
4,215.46207,12290012,center
4,215.46207,12291283,center
4,215.46207,12382900,center
4,215.94516,12429764,center
4,216.42826,12453623,center
4,216.91135,12524273,center
4,216.91136,12534702,center
4,219.88274,12613411,center
4,220.85335,12694946,center
4,222.81449,12758850,center
4,222.81449,12780086,center
4,223.29753,12841509,center
4,224.26844,12884794,center
4,225.73201,12908559,center
4,225.73201,12920231,center
4,225.73201,12971748,center
4,226.21491,13005739,center
4,228.67867,13082495,arm
4,228.67867,13096998,arm
4,230.14219,13239121,arm
4,230.14219,13240987,arm
4,234.66808,13370549,arm
4,237.63926,13532205,arm
4,239.10263,13629783,arm
4,240.56625,13706648,arm
4,241.0492,13730742,arm
4,242.02025,13809805,arm
4,242.50335,13898210,arm
4,242.98644,13904324,arm
4,242.98644,13996112,arm
4,242.98644,14027715,arm
4,242.98644,14091463,arm
4,245.45021,14112559,arm
4,245.9331,14153910,arm
4,245.9331,14176888,arm
4,248.90428,14263782,arm
4,248.90428,14264134,arm
4,248.90428,14335307,arm
4,249.87523,14357826,arm
4,250.35828,14423623,arm
4,250.35828,14424452,arm
4,250.84138,14517144,arm
4,250.84138,14608247,arm
4,251.81228,14664093,arm
4,252.78319,14843111,arm
4,252.78319,14857053,arm
4,254.74422,15008938,arm
4,254.74422,15013741,arm
4,255.22727,15020258,arm
4,256.19823,15105484,arm
4,256.19823,15105640,arm
4,260.72437,15181493,arm
4,261.20696,15280795,arm
4,262.67054,15324783,arm
4,264.63173,15369511,arm
4,265.60207,15383755,arm
4,271.19263,15429504,arm
4,272.65548,15466627,arm
4,276.65802,15568674,arm
4,279.62927,15632637,arm
4,280.94677,15706631,arm
4,282.76069,15731721,arm
4,283.24365,15784873,arm
4,283.24366,15849901,arm
4,283.72675,15879912,arm
4,283.72675,15907482,arm
4,287.21075,16006284,arm
4,287.21075,16006550,arm
4,288.67432,16090663,arm
4,289.64518,16160202,arm
4,289.64518,16170753,arm
4,292.10894,16206471,arm
4,292.59184,16259298,arm
4,292.59184,16277945,arm
4,295.56322,16403215,arm
4,296.53392,16442579,arm
4,298.49495,16474126,arm
4,302.49732,16579003,arm
4,302.49732,16624541,arm
4,302.49732,16645815,arm
4,303.46822,16777527,arm
4,303.46822,16778921,arm
4,303.46822,16863459,arm
4,303.46822,16888446,arm
4,303.46823,16947755,tip
4,303.46823,17152768,tip
4,303.46823,17237256,tip
4,303.46823,17321315,tip
4,303.46823,17340909,tip
4,303.46823,17392781,tip
4,303.46823,17413948,tip
5,0,16796,tip
5,0,80490,tip
5,0,93558,tip
5,0,147789,tip
5,0,293595,tip
5,1e-05,399752,arm
5,1e-05,497944,arm
5,1e-05,499846,arm
5,1e-05,591257,arm
5,1e-05,606865,arm
5,0.4831,679522,arm
5,0.48311,679781,arm
5,0.9662,853904,arm
5,0.9662,872773,arm
5,1.93734,1038832,arm
5,2.90853,1073081,arm
5,3.39157,1129301,arm
5,3.39157,1129412,arm
5,3.87467,1200645,arm
5,3.87467,1277224,arm
5,3.87467,1297643,arm
5,6.33822,1486129,arm
5,6.33822,1564018,arm
5,6.82134,1577100,arm
5,7.30441,1625843,arm
5,8.27522,1699763,arm
5,10.73893,1796786,arm
5,10.73893,1796919,arm
5,16.32892,1937385,arm
5,18.28974,2028290,arm
5,18.77269,2099106,arm
5,19.25578,2134534,arm
5,19.25578,2190026,arm
5,19.25579,2225355,arm
5,20.71926,2251173,arm
5,22.6804,2304297,arm
5,24.14362,2575300,arm
5,28.14603,2675409,arm
5,28.14603,2755392,arm
5,29.11689,2779145,arm
5,30.58046,2917639,arm
5,30.58046,2919446,arm
5,31.06356,2984477,arm
5,31.54665,3081025,arm
5,31.54665,3111900,arm
5,36.07254,3199728,arm
5,39.04356,3258652,arm
5,39.04356,3260343,arm
5,39.04356,3319270,arm
5,39.04356,3319411,arm
5,39.04356,3473273,arm
5,39.04356,3473548,arm
5,41.50711,3545004,arm
5,41.50712,3584839,arm
5,41.50712,3637179,arm
5,43.97083,3682095,arm
5,44.94163,3730262,arm
5,45.42468,3819930,arm
5,45.90732,3846185,arm
5,50.96263,3929994,arm
5,50.96263,3934961,arm
5,51.44561,4043487,arm
5,52.90892,4090642,arm
5,57.43494,4296831,arm
5,57.43494,4298834,arm
5,58.40574,4442127,arm
5,60.36689,4500917,arm
5,62.32798,4588369,arm
5,63.79109,4616401,arm
5,68.8467,4842537,arm
5,70.30996,4889116,arm
5,70.79228,4927569,arm
5,78.02213,5105736,arm
5,78.02213,5106809,center
5,80.48568,5173486,center
5,80.48568,5175225,center
5,86.07525,5281967,center
5,86.07525,5321918,center
5,86.07525,5369558,center
5,86.07526,5462228,center
5,88.03629,5546268,center
5,89.99733,5617774,center
5,89.99734,5648277,center
5,89.99734,5692409,center
5,93.99947,5795712,center
5,93.99947,5814005,center
5,94.48257,5850648,center
5,94.96566,5894797,center
5,94.96567,5980994,center
5,94.96567,6008923,center
5,95.44861,6064846,center
5,97.4098,6259748,center
5,97.4098,6336140,center
5,98.38066,6444111,center
5,99.84423,6618036,center
5,99.84423,6630357,center
5,99.84423,6760652,center
5,99.84424,6784656,center
5,100.32733,6878994,center
5,100.32733,6914789,center
5,100.32733,6982216,center
5,100.32733,7067113,center
5,102.28852,7112226,center
5,102.77147,7146033,center
5,102.77147,7239344,center
5,102.77147,7240840,center
5,102.77147,7302280,center
5,103.25447,7402620,center
5,104.71809,7482155,center
5,104.71809,7489835,center
5,104.71809,7580667,center
5,104.7181,7601406,center
5,105.20119,7758312,center
5,105.20119,7759043,center
5,105.68429,7835289,center
5,106.16738,7972078,center
5,106.16738,8012257,center
5,107.13829,8156948,center
5,107.13829,8270382,center
5,107.13829,8270476,center
5,108.1092,8362428,center
5,108.1092,8398682,center
5,108.59209,8498661,center
5,111.05585,8716204,center
5,111.05586,8717713,center
5,113.017,8968582,center
5,113.9878,9039059,center
5,113.9878,9092610,center
5,114.95871,9248445,center
5,114.95871,9287488,center
5,114.95871,9343133,center
5,114.95871,9379328,center
5,114.95871,9482650,center
5,114.95871,9507548,center
5,115.92962,9542056,center
5,115.92962,9593104,center
5,115.92962,9674864,center
5,116.41271,9792591,center
5,116.41271,9794173,center
5,116.89551,9903844,center
5,120.3801,10124424,center
5,121.35075,10240553,center
5,121.35075,10248667,center
5,121.83385,10356066,center
5,121.83385,10367837,center
5,122.80476,10444663,center
5,123.77566,10568530,center
5,123.77566,10594213,center
5,124.25876,10695883,center
5,124.25876,10720923,center
5,125.72228,10839515,center
5,125.72228,10846993,center
5,125.72228,10943429,center
5,125.72228,11004148,center
5,126.20538,11036032,center
5,126.68847,11114674,center
5,126.68847,11132229,center
5,126.68847,11198981,center
5,126.68847,11220234,center
5,126.68848,11321911,center
5,126.68848,11340459,center
5,126.68848,11402819,center
5,126.68848,11411367,center
5,126.68848,11467135,center
5,126.68848,11476306,center
5,129.65966,11611799,center
5,132.63084,11680770,center
5,132.63084,11779464,center
5,132.63084,11791971,center
5,133.60175,11869685,center
5,133.60175,11878312,center
5,134.08484,11980446,center
5,134.08484,12010157,center
5,136.04588,12125452,center
5,136.04588,12153737,center
5,136.04588,12220634,center
5,136.04588,12222711,center
5,137.01679,12288256,center
5,137.98759,12314130,center
5,139.94873,12426773,center
5,139.94874,12460814,center
5,141.41225,12487094,center
5,141.41226,12583131,center
5,141.41226,12638412,center
5,141.41226,12750712,center
5,142.38301,12835906,center
5,144.84693,12935216,center
5,145.32983,12985385,center
5,145.81293,13031355,center
5,145.81293,13051193,center
5,145.81293,13120429,center
5,147.27645,13185945,center
5,147.27645,13213887,center
5,147.75954,13263762,center
5,147.75954,13311318,center
5,147.75955,13370653,center
5,147.75955,13372433,center
5,147.75955,13438077,center
5,147.75955,13540701,center
5,147.75955,13628652,center
5,148.24265,13662278,center
5,148.72574,13749324,center
5,148.72574,13751805,center
5,150.18936,13915827,center
5,150.67231,13947670,center
5,151.64332,14140411,center
5,152.12626,14150454,center
5,153.58989,14322702,center
5,153.58989,14355662,center
5,153.58989,14420671,center
5,153.58989,14422971,center
5,154.07298,14585480,center
5,154.07299,14642812,center
5,154.07299,14720477,center
5,156.90152,14804178,center
5,158.0114,14856185,center
5,158.0114,14870915,center
5,158.0114,14941788,center
5,158.0114,14992717,center
5,158.49445,15087802,center
5,159.4654,15182785,center
5,159.46541,15196511,center
5,161.92912,15329038,center
5,162.89987,15349187,center
5,162.89987,15367674,center
5,163.87083,15418157,center
5,164.35383,15426054,center
5,165.32473,15512110,center
5,166.7881,15591056,center
5,170.27232,15790107,center
5,170.27232,15800570,center
5,170.27232,15884228,center
5,170.27232,15885487,center
5,170.75542,16021119,center
5,171.23846,16055993,center
5,172.20937,16120932,center
5,173.67294,16253776,center
5,173.67294,16275845,center
5,177.15694,16385587,center
5,177.15694,16407592,center
5,178.12784,16442100,center
5,178.12784,16502385,center
5,178.12784,16543031,center
5,179.591,16623881,arm
5,184.64693,16778354,arm
5,185.61771,16780131,arm
5,186.10066,16837169,arm
5,187.56428,16888387,arm
5,187.56428,16899504,arm
5,187.56428,16900781,arm
5,188.04723,16977589,arm
5,190.00858,17012148,arm
5,190.49152,17071969,arm
5,190.49152,17165537,arm
5,191.95515,17205255,arm
5,192.43814,17374541,arm
5,192.43814,17375138,arm
5,194.39918,17520493,arm
5,194.39918,17520781,arm
5,195.8628,17589958,arm
5,196.34575,17697756,arm
5,197.31645,17704376,arm
5,200.80072,17795841,arm
5,200.80072,17796313,arm
5,205.8287,17914105,arm
5,213.58854,18007440,arm
5,213.58854,18009750,arm
5,221.37712,18120342,arm
5,221.85918,18168654,arm
5,225.27191,18262314,arm
5,225.27191,18262699,arm
5,225.82247,18278601,arm
5,226.79347,18354545,arm
5,227.27617,18392644,arm
5,231.27902,18498888,arm
5,232.24967,18554914,arm
5,232.73251,18637634,arm
5,235.19618,18657948,arm
5,238.68061,18757388,arm
5,239.16284,18824515,arm
5,245.2936,18921048,arm
5,245.2936,18924167,arm
5,250.34841,19131316,arm
5,250.34841,19135273,arm
5,255.73205,19210912,arm
5,256.51481,19231552,arm
5,262.10492,19391069,arm
5,262.10492,19515184,arm
5,262.10492,19515358,arm
5,264.56868,19596260,arm
5,265.05158,19608892,arm
5,265.05158,19671493,arm
5,268.53569,19710742,arm
5,270.99872,19774547,arm
5,277.67628,19893002,arm
5,280.13926,19933932,arm
5,284.1418,20112786,arm
5,286.10263,20196865,arm
5,286.10263,20198668,arm
5,287.56615,20264925,arm
5,287.56615,20290768,arm
5,288.53706,20383794,tip
5,288.53706,20435165,tip
5,288.53706,20437968,tip
5,288.53706,20626598,tip
5,288.53706,20651440,tip
5,288.53706,20824979,tip
5,288.53706,20862485,tip
6,0,350084,tip
6,0,387180,tip
6,0,478348,tip
6,0,543068,tip
6,0,547548,tip
6,0.97091,596094,arm
6,0.97091,636850,arm
6,0.97091,718523,arm
6,1.45386,734972,arm
6,3.41505,789666,arm
6,3.41505,911871,arm
6,3.41505,982564,arm
6,3.41505,1001412,arm
6,3.89795,1127311,arm
6,6.36171,1182001,arm
6,6.36171,1215425,arm
6,6.36171,1310698,arm
6,6.36171,1358166,arm
6,6.84481,1447260,arm
6,6.84481,1447824,arm
6,9.81598,1502698,arm
6,9.81598,1549457,arm
6,11.2796,1613525,arm
6,11.7626,1785496,arm
6,11.7626,1850468,arm
6,12.2456,1922789,arm
6,13.70932,2013369,arm
6,14.19232,2090663,arm
6,14.19232,2090772,arm
6,16.15351,2184811,arm
6,16.63636,2214385,arm
6,18.10043,2275881,arm
6,18.58365,2357663,arm
6,19.55477,2406946,arm
6,21.01839,2452820,arm
6,24.50287,2550901,arm
6,24.50287,2552391,arm
6,27.98693,2611067,arm
6,30.95806,2701231,arm
6,30.95806,2727321,arm
6,31.44115,2778640,arm
6,31.44116,2844469,arm
6,31.92425,2877421,arm
6,32.40715,2924225,arm
6,34.87112,3015791,arm
6,35.3538,3040005,arm
6,37.8173,3119421,arm
6,42.87238,3195443,arm
6,42.87238,3204628,arm
6,44.83357,3281640,arm
6,45.31652,3350508,arm
6,45.31652,3401659,arm
6,45.31652,3421818,arm
6,46.28743,3527072,arm
6,47.25833,3679241,arm
6,48.22919,3716912,arm
6,49.69276,3814906,arm
6,51.15603,3820211,arm
6,55.15857,3921081,arm
6,58.12981,4060837,arm
6,59.59323,4279603,arm
6,60.56408,4309966,arm
6,60.56408,4389221,arm
6,61.04708,4401748,arm
6,62.51075,4500370,arm
6,63.48161,4507509,arm
6,64.45257,4571085,arm
6,64.93556,4615752,arm
6,65.90657,4649198,arm
6,66.38962,4745910,arm
6,66.38962,4753766,arm
6,68.35065,4900879,arm
6,68.35065,4927296,arm
6,68.83375,5022107,arm
6,68.83375,5033443,arm
6,68.83375,5152490,arm
6,68.83375,5153185,arm
6,69.31685,5234760,arm
6,69.79974,5273988,arm
6,72.26349,5414458,arm
6,72.26349,5466214,center
6,73.23442,5562593,center
6,73.71747,5568979,center
6,74.20046,5621433,center
6,75.66409,5729183,center
6,75.66409,5759067,center
6,77.12761,5819564,center
6,77.12761,5877800,center
6,80.6116,5961158,center
6,80.6116,5963609,center
6,81.09455,6014350,center
6,83.0559,6073085,center
6,83.53874,6152521,center
6,85.00242,6248524,center
6,85.97327,6310598,center
6,85.97327,6319890,center
6,87.43679,6518990,center
6,87.43679,6528312,center
6,87.91989,6579082,center
6,87.91989,6581229,center
6,88.8908,6739661,center
6,88.8908,6762337,center
6,90.35432,6940756,center
6,90.35432,6955003,center
6,90.83741,7009760,center
6,91.32051,7143469,center
6,91.32051,7144795,center
6,91.32051,7266175,center
6,91.32051,7266850,center
6,91.32051,7322729,center
6,91.32051,7336053,center
6,91.80361,7513531,center
6,91.80361,7564196,center
6,92.77456,7613129,center
6,93.25761,7727578,center
6,93.25761,7743234,center
6,95.2187,7821467,center
6,96.68217,7940932,center
6,98.1457,7964226,center
6,99.60917,8083523,center
6,101.57026,8247006,center
6,101.57026,8248179,center
6,101.57026,8357013,center
6,103.03378,8394252,center
6,103.03378,8426345,center
6,103.51688,8501749,center
6,103.51688,8548923,center
6,103.51688,8665271,center
6,103.51688,8691682,center
6,103.51688,8751501,center
6,104.9804,8832385,center
6,104.9804,8923304,center
6,105.95131,8952716,center
6,106.92221,9021906,center
6,106.92221,9025463,center
6,106.92222,9093586,center
6,108.38573,9287807,center
6,108.38574,9303872,center
6,108.38574,9483523,center
6,108.38574,9525286,center
6,108.38574,9542405,center
6,108.38574,9552282,center
6,108.86853,9570208,center
6,112.35318,9678748,center
6,112.83597,9710212,center
6,112.83597,9822826,center
6,113.31907,9902316,center
6,113.31907,9967565,center
6,113.31907,10037243,center
6,113.31907,10076512,center
6,113.80217,10203322,center
6,114.28526,10226939,center
6,114.76836,10286618,center
6,114.76836,10317200,center
6,114.76836,10376766,center
6,114.76836,10424790,center
6,115.73927,10461229,center
6,116.71017,10550197,center
6,116.71017,10552813,center
6,117.68108,10648859,center
6,117.68108,10662557,center
6,118.65198,10731039,center
6,118.65198,10739562,center
6,118.65198,10791653,center
6,119.13508,10862511,center
6,119.61813,10869240,center
6,120.58903,10944577,center
6,122.0526,11071492,center
6,122.0526,11096460,center
6,122.05261,11127957,center
6,124.01364,11342561,center
6,124.01364,11346702,center
6,124.98455,11433411,center
6,124.98455,11452971,center
6,125.46764,11517222,center
6,125.46764,11530495,center
6,127.42878,11622417,center
6,128.39959,11836656,center
6,129.3705,11952422,center
6,129.3705,12022174,center
6,129.3705,12076251,center
6,130.3414,12208257,center
6,131.31231,12293104,center
6,131.31231,12359449,center
6,131.31231,12364405,center
6,133.77607,12533025,center
6,134.25897,12750713,center
6,134.25897,12763105,center
6,136.21964,12878121,center
6,141.80962,12974281,center
6,141.80962,12990085,center
6,143.27277,13050494,center
6,148.32839,13262690,center
6,149.79152,13339566,arm
6,151.25494,13378095,arm
6,153.71847,13482071,arm
6,157.20291,13557283,arm
6,157.68541,13600717,arm
6,161.17,13656584,arm
6,162.14065,13676249,arm
6,163.11154,13733871,arm
6,164.08229,13812846,arm
6,166.54588,13893785,arm
6,170.03,14072817,arm
6,170.03,14089636,arm
6,171.49362,14179996,arm
6,171.97652,14252101,arm
6,173.44014,14271376,arm
6,174.90366,14364840,arm
6,174.90366,14365263,arm
6,174.90366,14437076,arm
6,175.38641,14451269,arm
6,179.38892,14542103,arm
6,179.38893,14547204,arm
6,179.38893,14600463,arm
6,182.87292,14636404,arm
6,182.87292,14678987,arm
6,184.33644,14739634,arm
6,184.33644,14740346,arm
6,184.81934,14791150,arm
6,187.28331,14888419,arm
6,187.76621,14961400,arm
6,187.76621,14961815,arm
6,189.22953,15074614,arm
6,192.71374,15137625,arm
6,192.71374,15138096,arm
6,193.19684,15196795,arm
6,193.67994,15252244,arm
6,193.67994,15330737,arm
6,195.64108,15366117,arm
6,196.61188,15500580,arm
6,196.61188,15500713,arm
6,201.13758,15560858,arm
6,201.13758,15563593,arm
6,202.10854,15658948,arm
6,202.59159,15697711,arm
6,203.07468,15820520,arm
6,203.07468,15842349,arm
6,208.66483,16035557,arm
6,209.14741,16072842,arm
6,209.14741,16203694,arm
6,209.14741,16227136,arm
6,210.11811,16327274,arm
6,213.0895,16505859,arm
6,213.0895,16596096,arm
6,213.0895,16641436,arm
6,213.0895,16892054,arm
6,213.0895,16916863,arm
6,213.08951,17034241,tip
6,213.08951,17215753,tip
6,213.08951,17339521,tip
6,213.08951,17474873,tip
6,213.08951,17498443,tip
6,213.08951,17618863,tip
